classic pop and rock,58563
american,55439
rock,50093
british,46889
uk,45906
rock and indie,42568
english,34030
folk,26704
pop,22793
punk,21393
electronic,18213
usa,16508
hip hop rnb and dance hall,13854
metal,13739
german,13555
jazz,13354
alternative rock,13083
pop and chart,11458
dance and electronica,10383
european,8645
french,8523
england,8478
hard rock,8204
country,8036
jazz and blues,7152
progressive rock,6910
blues,6860
américain,6595
production music,6491
indie rock,6445
hip hop,6017
soul and reggae,5845
classical,5811
hip-hop,5785
finnish,5781
rnb,5477
alternative,5342
britannique,5274
heavy metal,5243
canadian,5228
electronica,5122
swedish,4869
new wave,4727
soundtrack,4675
easy listening soundtracks and musicals,4379
world,4288
soul,4187
scottish,3903
punk rock,3893
london,3833
italian,3764
norwegian,3663
united states,3615
composer,3406
80s,3383
blues rock,3342
synthpop,3258
experimental,3233
latin,3207
pop rock,3113
chinese,2942
alternative metal,2937
psychedelic rock,2933
dance,2914
ambient,2873
thrash metal,2814
90s,2775
art rock,2650
rock and roll,2634
reggae,2612
dutch,2598
hiphop,2579
rap,2568
post-punk,2528
folk rock,2522
australian,2508
warp,2432
us,2405
united kingdom,2398
industrial,2324
techno,2306
70s,2291
death metal,2280
indie,2217
swing,2196
4ad,2195
house,2177
black metal,2128
singer,2125
funk,2082
00s,2080
france,2069
soft rock,2062
irish,2008
trance,1951
california,1919
downtempo,1918
ska,1885
hardcore punk,1866
gothic rock,1806
canada,1783
industrial metal,1779
producer,1764
indie pop,1752
jamaican,1691
experimental rock,1662
adult contemporary,1566
disco,1562
progressive metal,1535
francophone,1531
new york,1503
eurovision,1499
français,1496
mandarin,1465
male vocalists,1448
brazilian,1442
gospel,1434
christian,1409
welsh,1406
instrumental,1405
glam rock,1388
hardcore,1373
greek,1351
compositeur,1347
melodic death metal,1334
spanish,1314
industrial rock,1302
the netherlands,1282
post-rock,1275
singer-songwriter,1267
idm,1265
trip-hop,1238
hong kong,1233
post-grunge,1229
bebop,1228
big band,1223
australia,1221
español,1219
10s,1197
taiwanese,1160
country rock,1157
goth,1155
lyricist,1150
electro,1095
dance-pop,1093
los angeles,1080
chanteur,1062
classic rock,1058
parolier,1056
electro-industrial,1043
britpop,1042
new age,1026
hard bop,1019
new metal,1010
dream pop,993
belgian,984
rapper,975
soundtrack composer,965
garage rock,963
power metal,962
jazz fusion,954
metalcore,954
pop punk,921
female vocalists,910
austrian,895
grunge,885
baroque pop,874
electric blues,873
gothic metal,857
czech,857
nu metal,845
opera,837
manchester,837
comedy,836
speed metal,834
south american,833
guitarist,832
60s,827
dub,816
electropop,813
pianist,805
alternative country,803
alternative dance,795
turkish,780
germany,777
darkwave,773
grime,773
power pop,773
psychedelic,771
glitch,769
danish,768
grindcore,754
piano,744
aggrotech,741
ebm,741
acid rock,740
doom metal,736
shoegazing,735
post bop,730
noise rock,725
scandinavian,715
dancehall,700
sweden,700
seen live,699
film composer,698
bossa nova,685
psychedelic pop,684
japanese,683
funk metal,681
celtic,680
southern rock,674
acoustic,670
producteur,657
ska punk,655
easy listening,655
symphonic metal,648
ninja tune,648
post-punk revival,646
cantonese,642
quebec,642
vocal jazz,640
ireland,635
mexican,624
protopunk,621
christian rock,621
northern irish,619
eurodance,618
rapcore,615
desi,612
avant-garde,611
oi,605
conductor,604
folk-rock,597
dark wave,593
guitar,587
birmingham,585
bluegrass,585
arabic,582
a cappella,576
scandinavie,574
scandinavia,574
scandinave,574
mc,570
drum and bass,569
neo-psychedelia,569
gothic,569
crossover,567
texas,561
big beat,557
berlin,556
hungarian,554
thrash,550
blue-eyed soul,549
oxford,539
finland,539
south african,539
düsseldorf,537
shoegaze,534
rhythm and blues,533
bristol,533
post-hardcore,530
vocalist,526
glam metal,525
goth rock,524
asian,517
chicago,515
rockabilly,512
ndw,511
delta blues,510
liverpool,508
krautrock,506
avant-garde jazz,504
groove metal,500
ranchera,499
space rock,496
arena rock,493
piano rock,491
deathcore,488
synth pop,487
canadien,486
belgium,479
nwobhm,478
wales,469
college rock,469
country-es,467
icelandic,466
post-bop,461
smooth jazz,460
futurepop,459
modal jazz,457
singer songwriters,455
fusion,454
chillout,453
instrumental rock,450
san francisco,448
ccm,444
urban,439
guitariste,438
parlophone,437
folk punk,437
punjabi,436
post punk,432
rap rock,431
alternative hip-hop,429
swiss,429
bhangra,428
surf,425
melodic hardcore,425
trip hop,424
psychobilly,424
new romantic,423
americana,421
anarcho,419
scotland,417
argentina,412
new jack swing,406
dark ambient,406
symphonic rock,405
romanian,398
triphop,393
west coast jazz,391
roots rock,390
chanson,388
chicago blues,386
british asian,384
ballads,383
stoner rock,381
art punk,381
psytrance,379
méxico,378
detroit,377
video game,377
mariachi,376
heartland rock,375
garage,371
cool jazz,367
dubstep,365
dance-punk,365
post-emo,364
emo-pop,364
noise,363
leeds,362
polish,362
free jazz,359
colombia,359
orchestral,356
neo soul,353
mpb,352
funk rock,352
neofolk,347
jangle pop,347
japan,343
latin jazz,340
netherlands,335
new jersey,329
irish folk,324
nl,323
rave,322
english folk,320
national folk,317
irlandais,317
latin pop,317
indian,317
irlande,317
pop rap,315
pop-rock,315
salsa,313
cajun,312
electric folk,307
jam band,305
crossover thrash,301
cello,301
mexico,299
progressive house,298
rock en espanol,298
ambient techno,297
madchester,297
iceland,296
skate punk,296
piano pop,296
outlaw country,296
mainstream jazz,294
melodic black metal,292
african,292
electro rock,291
chanson française,290
math rock,287
latvian,286
argentinian,285
acid jazz,284
classic hardcore punk,283
classic punk,283
california punk,283
folk metal,283
check it,280
pop folk,280
deep purple family,272
contemporary classical,271
filk,270
rap metal,268
sludge metal,268
nu-metal,268
puerto rican,268
acid house,267
rock n roll,267
gangsta rap,266
neue deutsche welle,266
turntablism,265
suède,264
suédois,264
contemporary christian,260
glasgow,259
ohio,259
country pop,255
performer,254
vocal,251
jazz funk,251
emo,250
quiet storm,250
geek rock,249
symphonic black metal,248
2000s,247
shock rock,246
slovak,246
new wave of british heavy metal,245
anti-folk,243
pop-punk,242
viking metal,242
trip rock,241
synthesizer rock,240
technical death metal,237
melancholic,236
lo-fi,234
retro prog,233
washington dc,232
breakcore,231
contemporary jazz,229
mod,229
post-industrial,226
psybient,226
québécois,226
québec,226
massachusetts,226
neighbours,224
indie folk,224
cuban,223
hairmetal,223
chamber pop,220
electroclash,220
norteña,220
crossover jazz,219
boston,219
neo-progressive rock,219
actor,218
cantopop,218
europop,217
michael-jackson,214
cool,214
contemporary rnb,214
nottingham,213
cabaret,212
lyon,212
american thrash metal,211
electronic rock,210
portuguese,210
r b,210
west coast hip-hop,209
nu-jazz,207
favorite,206
wu-tang,206
gothenburg metal,206
denmark,206
contemporary r b,205
afrobeat,204
sunderland,204
country blues,203
dj,203
jam,203
political,202
psychadelic,202
norsk,201
dixieland,200
female vocalist,200
spain,200
psychedelic trance,199
reggae rock,198
creative commons,195
film score,194
norway,194
hamburg,194
british invasion,194
blackened death metal,194
comedy rock,193
american idol,191
bob-marley,191
rock roll,190
italy,190
stoner metal,188
worship,188
no wave,187
soulful,187
hawaiian,187
piano pop rock,186
electropunk,186
salford,186
brazilian jazz,185
guitar god,185
urban blues,184
new zealand,184
crawley,184
1970s,183
1980s,183
1990s,183
thom yorke,183
liedermacher,182
the-rolling-stones,182
nu jazz,181
siple twist of fate,180
1960s,180
whistle register,180
icon,180
1 13 165900 150 7672 22647 34612 48720 59280 74602 87545 95495 107182 131087 141522 153710,180
detroit hip-hop,180
8 mile,180
teater konsert,180
midwest hip-hop,180
michigan,179
rhapsody online,178
fictional,177
seattle,177
bassist,177
bachata,176
hi-nrg,176
progressive trance,176
españa,175
ambient house,174
ísland,174
christian punk,173
oldies,173
dance pop,172
new brunswick,172
jazz-funk,171
urban pop,171
sheffield,170
afro-cuban jazz,170
modern creative,170
slide guitar,169
jazz pop,169
british blues,169
horror punk,168
brooklyn,168
trumpet,168
colombian,167
texas blues,166
gabber,166
brazil,165
australien,165
australie,165
tango,163
continental jazz,163
gypsy jazz,163
éire,163
duo,163
travis barker,162
gratuitous heavy metal umlaut,162
surf rock,161
cardiff,161
synth rock,161
martial industrial,160
remix,160
celtic punk,160
frankfurt,160
p-funk,159
brighton,159
tenor,159
garland,158
fixme,158
progressive death metal,158
russian,158
deathrock,158
neoprog,158
dublin,157
música popular brasileira,157
washington,157
athens,156
arranger,156
georgia,156
tell me,155
cuba,155
polka,155
punk pop,155
new orleans,154
trumpeter,154
bop,154
drone,154
noise pop,153
down-tempo,153
honky tonk,152
alt-country,152
braintree,151
post-disco,151
alternative country rock,150
afro-beat,149
jùjú,149
french metal,148
queen,147
israeli,147
country folk,147
big dada,146
guildford,144
french pop,144
surrey,144
beat,144
female,144
rocksteady,143
breaks,143
northern ireland,143
virtuoso,143
soprano,143
jazz-rock,143
finlandais,142
finlande,142
singapore,142
cover,142
extreme gothic metal,142
extreme symphonic metal,142
rock en español,141
danemark,141
danois,141
poetry,141
piano blues,140
vocoder,140
melodic rock,139
alternative pop,138
popular,138
ethnic electronica,138
san antonio,137
actress,137
zouk,137
songwriter,136
progressive new age,136
symphonic power metal,136
florida,136
operatic pop,135
samba,135
neue deutsche härte,135
minneapolis sound,134
epitaph,134
alternative hip hop,134
atlantic,134
violin,133
barbade,133
barbados,133
chamber,133
barbadian,133
barbadien,133
country-sg,133
garage punk,133
old school hip-hop,132
dark metal,132
portland,132
guyanese,131
berlin school,131
avant-garde metal,131
boy band,131
pub rock,131
boy group,131
pakistani,130
gothenburg,129
vancouver,129
neo-prog,129
wagnerian rock,129
toronto,128
klezmer,128
archives,128
jive,128
1 7 186240 183 23558 41608 89158 111733 150833 169883,128
multi-instrumentalist,128
boogie rock,128
singer and songwriter,127
deep house,127
east coast hip-hop,127
south africa,126
fun-punk,126
apocalyptic folk,126
mellow,125
roots,125
roger waters,125
robin,125
weezer,124
alt punk,124
album oriented rock,124
minimalist,124
southern hip-hop,124
nerd rock,124
orchestra,123
fado,123
swansea,123
female singer-songwriter,123
freestyle,122
zydeco,122
new prog,121
female vocals,121
deep soul,121
trash-metal,121
southern soul,121
prog metal,121
urban contemporary,121
douchebag metal,121
post hardcore,120
goa,120
swamp rock,120
jump blues,120
islande,119
blackwood,119
islandais,119
noreg,118
brisbane,118
española,118
wisconsin,118
norge,118
classic jazz,118
paris,116
melodic metal,116
norfolk,116
parody,116
portugal,116
electro pop,116
beach,115
harlem,115
ipswich,115
80s synthpop,115
darien,115
bass,115
fullerton,115
davyhulme,115
indie dance,115
sanborn,114
pop montréal,114
bogus artist,114
pittsburgh,114
atmospheric black metal,114
sound engineer,113
drum n bass,113
ingénieur du son,113
political rap,112
symphonic,112
piedmont blues,111
ragtime,111
arrangeur,111
black ambient,111
trinidadian,111
estonian,111
sweet bands,110
sverige,110
children s,110
gold,110
maxi jazz,110
my blue heaven,110
swedish rock,109
vegan,109
erroll garner,109
stockton,108
psych folk,108
singer songwriter,108
popera,108
cleveland,108
baroque chamber pop,108
connecticut,107
helsinki,107
new haven,107
dieskau,107
cello metal,107
suomi,107
lomita,107
death doom,106
nueva trova,106
detroit rock,106
janet-jackson,105
chill,105
seven,105
jello biafra,105
kent,105
mandopop,105
sevenoaks,105
harmonicist,105
80 s punk,105
the queen,105
whistler,105
simon-garfunkel,105
roma,104
girl group,104
stefanie sun,104
2007,104
my sweet lord,104
domino,104
worldbeat,103
broadway,103
western,103
flamenco,103
andrews sisters,103
progressive hip-hop,103
basque,102
folktronica,102
tina-turner,102
glenshaw,102
banda,101
dinamo,101
rasta,101
iranian,101
melbourne,101
2005,101
praise,101
breakbeat hardcore,101
lebanese,101
brutal death metal,101
carcass,100
queen family,100
bajofondo,100
favorite argentinian,100
edinburgh,100
strange,100
brasil,99
miss sun,99
cotm,99
progressive,99
the lost prophecy,99
free funk,99
stiff little fingers,98
long island,98
time of the season,98
g-funk,97
norvégien,97
elton-john,97
north london,97
satanic,97
malaysian,97
bland,97
spoken word,97
norvège,97
dollis hill,97
deutschland,97
death doom metal,96
canterbury,96
violinist,96
live,96
glam punk,96
drum,96
acoustic blues,95
brazilian classics player,95
viking,95
chilean,95
karajan,95
winnipeg,95
prewar blues,95
breton,95
amon amarth,95
skam,95
viking lyrics,95
american underground,95
nigerian,94
doo wop,94
calypso,94
bluegrass country alternative,94
century media,93
the academy,93
mountain tracks,93
trooper entertainment,93
wrongagain records,93
vocals,93
christian hardcore,93
regain records,93
derry,93
vienna,93
uk garage,93
wp musicians,93
thomas bangalter,93
toy s factory,93
performance name,93
unkle,93
chigaco blues,92
iowa,92
vgm,92
lies,92
euro disco,92
italodisco,92
progressive jazz,92
x,92
hamburger schule,92
video,92
detroit blues,92
alternative rap,92
funky house,92
eire,91
post-core,91
rome,91
toulouse,91
josé josé,91
canadian hip-hop,91
this is the time,91
soy asy,91
contemporary folk,90
80s thrash metal,90
90s hard rock,90
not as good as metallica,90
ballad,90
eighties,90
marty friedman,90
damon,90
albarn,90
hyde_park,90
humppa,90
dave mustaine,90
stfu totally better than metallica,90
screamo,89
i heard love is blind,89
tejano,89
schlager,89
punk blues,89
belge,89
sydney,89
catalan,89
grupera,89
la,89
belgique,89
morna,89
latin folk,88
soul-blues,88
band,87
breakbeat,87
neo-classical metal,87
neo rockabilly,87
tony kanal,87
lincoln park,87
b00138f5lm,87
gwen stefani,87
symphonic prog,87
milwaukee,86
punk cabaret,86
synthesizer,86
hardcore techno,85
1998,85
dark cabaret,85
garage rock revival,85
flamenco guitarist,85
nuevo flamenco,85
contemporary flamenco,85
digital hardcore,85
vigo,84
x factor,84
christian hip-hop,84
galicia,84
skin,84
anti-fascist,84
celtic fusion,84
amherst,83
female singer,83
nouvelle star,83
game composer,83
cup of tea,83
hermosa beach,83
danish rock,83
chill out,83
poppunk,82
american heavy metal,82
nashville sound,82
canton,82
wall of sound,82
oratorio,82
jimmy tamborello,81
glitchcore,81
post rock,81
qawwali,81
drill n bass,81
greek folk,81
jazz rock,81
glamrock,80
east orange,80
musical,80
50s,80
musical theater,80
crust,80
pop idols,80
beatgen,80
dio,79
trash speed metal,79
greatest hits,79
german composer,79
bishops stortford,78
mezzo-soprano,78
el paso,78
akron,78
folk blues,78
http en wikipedia org wiki quantic_ 28musician 29,78
perth,78
illbient,78
look at us,78
chill-out,77
lounge,77
indietronica,77
macka b,76
horror rock,76
newcastle,76
angsty,76
jefferson airplane,76
austropop,76
hot tuna,76
heidelberg,75
stourbridge,75
mo wax,75
pizza,75
italia,75
norwich,75
simi valley,75
progressive folk,75
stupid lyrics,75
saxophonist,74
sananda maitreya,74
classicpopandrock,74
soul jazz,74
german industrial,73
ddr,73
german industrial metal,73
guitarra,73
indierock,73
saudade,73
tanzmetall,73
punjabi duet,73
phil spector,73
victoria,72
cumbia,72
dk,72
early creative,72
amy lee,72
carlos baute colgando en tus manos nada se compara a ti,72
fresh,72
freedom call,72
post-metal,72
ben moody,72
munich,72
oregon,71
czechoslovakia,71
pop country rock,71
tracks,71
minimal,71
lisbon,71
ace of base,70
marit bergman,70
morcheeba,70
wallasey,70
oceansize,70
avante garde,70
blank and jones,69
world fusion,69
math metal,69
ben gibbard,69
brazilian pop,69
psych pop revival,69
scottish gaelic,68
stockholm,68
riot grrrl,68
jazz hop,68
country-rock,68
oxnard,68
vero beach,68
arizona,67
new york city,67
teen pop,67
director,67
paradise valley,67
dub poetry,67
2-step,67
minimal techno,67
rhyming slang,67
above the rim,67
espagnol,66
drummer,66
poviglio,66
fergie,66
verona,66
espagne,66
underrated,66
http musicbrainz org show artist artistid 437,66
bronius bagackas,66
will i am,66
celtic metal,65
malaysia,65
columbus,65
ambient black metal,65
rock in opposition,65
gaulish lyrics,65
deutsch,64
uk82,64
wisin y yandel,64
hardcore hip-hop,64
c86,64
demoscene,64
organist,64
indian classical,64
harsh ebm,64
spence smith,63
日本,63
swedish lyrics,63
french rock,63
violoniste,63
humppa metal,63
brendon urie,63
rostock,63
ryan ross,63
troll metal,63
jon walker,63
brent wilson,63
saxophone,62
electronic music,62
néerlandais,62
austria,62
trinidadiens,62
trinité-et-tobago,62
pays-bas,62
vpro,62
contemporary instrumental,62
poet,62
trinidad and tobago,62
tribute albums,61
trowbridge,61
southern rap,61
orchestral pop,61
instrumental pop,61
glam,61
star academy,61
classical pop,61
video game composer,61
wiltshire,61
melksham,61
crunk,61
merseybeat,61
adult alternative pop rock,61
british psychedelia,61
snodland,61
bradford,60
brian mcknight,60
war,60
ragga,60
power noise,60
cedar falls,60
trad jazz,60
suffolk,60
lafee,60
jungle,59
avant garde metal,59
taylor-swift,59
slow pop,59
vallenato,59
conscious,59
mestizo,59
adam levine,59
angry,59
broadway composer,59
acid-jazz,58
nevada,58
aslı,58
visual kei,58
group,58
reno,58
funk-rock,58
harmonica blues,58
scandinavian metal,58
twee pop,58
miguel bosé,58
poland,58
rio,58
deep funk,58
poway,58
slovenian,58
ljubljana,58
dangerous,58
radio dj,57
dirty south,57
oklahoma,57
virginia,57
queensland,57
tulsa,57
performance art,57
richmond,57
aor,57
reggaeton,57
dance hall,56
pink floyd,56
alternaive rock,56
urdu,56
en public,56
panjabi,56
slowcore,56
relaxed,56
techstep,56
beijing,56
chance,56
hull,55
sludge,55
dirty rap,55
deathgrind,55
desert rock,55
chris de burgh,55
hitchin,55
del shannon greatest hits,55
funktronica,55
final fantasy,54
samples,54
sucky,54
not grime,54
saxaphone,54
folk punk rock,54
folk rock children s,54
christian metal,54
miami,54
drum bass,53
wales mary hopkin,53
blues-rock,53
accordionist,53
berkeley,53
accordéoniste,53
nouvelle-zélande,53
néo-zélandais,53
grand rapids,53
plague,53
minnesota,52
svensk,52
rez band,52
power electronics,52
ultimate,52
game,52
pagan rock,52
club dance,52
jesus mary chain,51
city,51
comedian,51
romantic,51
syracuse,51
serbia,51
yugoslavia,51
minnesotan,51
las mejores canciones del mundo vol 2,51
miley-cyrus,51
malmo,50
iskelmä,50
ao vivo,50
minimal electro,50
los enemigos,50
new malden,50
country-my,50
tunbridge wells,50
hebrew,50
christmas,50
solihull,50
angus and julia stone,50
amsterdam,50
queens,50
covers,50
devon,50
trash metal,50
ukulele,50
peter wolbrandt guitars,50
pirkanmaa,50
cowpunk,50
osaka,50
senegalese,50
switzerland,50
leamington spa,50
bitpop,50
grindpunk,50
groove,50
dakar,50
radio,50
stoner-doom metal,50
aylesbury,50
american composer,50
percussion hellmut hattler bass guitar,50
seenlive,50
ylöjärvi,50
kabarett,50
punk covers,50
vocals jan fride wolbrandt drums,50
adult alternative rock,50
illinois,50
ethereal wave,49
香港歌手,49
örebro,49
san jose,49
skate,49
underground hip-hop,49
ska-core,49
hingham,49
pennsylvania,49
middlesex,49
uruguayan,49
electrofunk,49
kölsch,49
funny,49
christian ska,49
hong kong artist,49
kingston,49
anarcho-punk,48
jazz-funk fusion,48
bayeux,48
romford,48
third wave ska,48
songs,48
humour,48
samba pagode,48
pianiste,48
dusseldorf,48
progressive black-death metal,48
italie,48
fence,48
rock blues,48
art-garfunkel,48
hip hop soul,48
aggro berlin,48
italien,48
brazilian metal,48
latin cuba son guajira compay segundo,47
the fame,47
florence and the machine,47
brit pop,47
madison,47
ger,47
touhou,47
acdc,47
coventry,47
howard carpendale,47
fashawn,47
puerto rico,47
tuscon,47
tränen lügen nicht,47
danish music,46
eltham,46
rockgruppe,46
low rock,46
dansk,46
roskilde festival,46
piano jazz,46
gasolin,46
experimental pop,46
scandinavian band,46
anime,46
keyboardist,46
claviériste,46
italiano,46
halvfjerdsermusik,46
armenian,46
south carolina,46
philadelphia,46
scandinavian artist,46
danish lyrics,46
love of lesbian,46
halvfjerdser,46
danish artist,46
70erne,46
vicky beeching,46
euro house,46
jazzcore,46
tour d amour,46
skandinavisk musik,46
70er,46
scandinavian rock,46
columbia,46
scandinavian music,46
modern-rock,46
gammelt,46
mainstream rap,45
dj babu,45
brass band,45
classical crossover,45
venice,45
choir,45
tango nuevo,45
mbube,45
isicathamiya,45
burano,45
no doubt,45
tangazo,45
scotish,45
belgrade,45
grupero,45
circus punk,45
bandoneonist,45
german hip-hop,44
færøerne,44
kwaito,44
føroyar,44
steve brown,44
horrorcore,44
føroyskt,44
deejay,44
dttx,44
happy hardcore,44
corsican,44
oc remixer,44
a capella,44
technical,44
odm,44
spy,44
houston,44
juanes,44
brasileiro,44
pimba,43
eletro,43
camas,43
boogie-woogie,43
birkenhead,43
lahti,43
atmospheric sludge metal,43
san sebastian,43
festa,43
new orleans r b,43
donosti,43
cello rock,43
st louis,43
mathcore,43
japanese band,43
munster,43
bahasa melayu,43
clarinet,42
boogie,42
lgbt,42
romanian artist,42
hip hop artist,42
muzica romaneasca,42
romanian band,42
jenny lewis,42
the best,42
uzzi,42
douarnenez,42
artist,42
stay awake,42
leipzig,42
bug mafia,42
caddillac,42
pure psychobilly,42
malian,42
romanian hip hop,42
romaneasca,42
religion,42
jewish,42
country-it,42
mainstream,42
rap artist,42
tataee,42
black metal-ambient,42
nuneaton,42
argentinean,42
mafia,42
dún laoghaire,42
caddy,42
clarinetist,42
bug,42
bandleader,41
psychedelic folk,41
http en wikipedia org wiki nostalgia_77,41
llandegfan,41
via mistica,41
bb12b20e,41
portsmouth,41
alba,41
rock-pop,41
joelho de porco,41
loverboy - big ones,40
crust punk,40
musical theatre,40
huntington beach,40
loverboy,40
reading,40
clube da esquina,40
country-za,40
akcent,40
st helens,40
qi-patronymic,40
blufunk,40
timonium,39
tokyo,39
wilderness plots,39
keyboards,39
fr,39
space,39
instrumental hip-hop,39
showtunes,39
female voalists,39
brazilian rock,39
east kilbride,39
traditional,39
darwin songhouse,39
buffalo,39
dallas,39
ephrata,39
medieval,39
space music,39
acid rap,38
president,38
tibetan,38
trombone,38
fictional entry,38
disney legend,38
juicy ibiza,38
nettetal,38
angola,37
baroque,37
sezen aksu,37
kuduro,37
worcester,37
space rap,37
celtic rock,37
derby,37
power trio,37
classic power trio,37
hardcore rap,37
bollywood,36
uk composer,36
symphonic death metal,36
persian,36
proto-rock,36
wellington,36
punkabilly,36
swedish death metal,36
new york blues,36
israel,36
norrköping,36
thomas schumacher,36
soul-jazz,36
wips,36
asha-bhosle,36
goa trance,35
sky eats airplane,35
tropicália,35
san diego,35
monaco,35
deutschrock,35
raleigh,35
go west,35
mas mojinos,35
scots,35
clockwork punk,35
phoenix,35
room in your heart,35
richard darbyshire,35
dubtronica,35
tony christie,35
rottun,35
monégasque,35
indianapolis,35
interchill,35
living in a box,35
psydub,35
north carolina,35
marcus vere,35
albert hammond,35
blow the house down,35
alberta,34
j-pop,34
slap bass,34
wolverhampton,34
welcome to your brain,34
rock rap,34
dancer,34
oriental metal,34
blackpool,34
integrated,33
mastering,33
latin rap,33
http musicbrainz org artist 43c0958c-27ef-46c4-b4cc-83cfca54170d html,33
powerpop,33
planet mu,33
spoken word soul,33
author,33
harrow,33
steal your goals,33
solingen,33
00s 10s,33
experimental metal,33
http en wikipedia org wiki belleruche,33
early demos,33
wiener akademie,33
little boots,32
fleetwood,32
hello project,32
speedfolk,32
joyful,32
ragga-metal,32
irish folk rock,32
bridgend,32
writer,32
elliott murphy with chris spedding,32
fun,32
peterborough,32
ragga metal,32
darin insanity,32
playwright,32
mexican composer,31
cock robin,31
changing faces,31
calogero,31
soomaaliya,31
bite the flower,31
pagan metal,31
manhattan,31
motown,31
riverside,31
stow,30
komşu,30
electro-jazz,30
trio,30
ska punk reggae,30
hello project groups,30
essex,30
traditional doom metal,30
country-ir,30
country-jp,30
french touch,30
phonetic phail,29
http en wikipedia org wiki kylie_auldist,29
christian rap,29
partiendome el alma,29
talking timbuktu,29
pleasure and pain,29
neuro,29
dresden,29
makafresh,29
durham,29
club,29
tightrope,29
chris constantinou,28
http en wikipedia org wiki domu_ 28dominic_stanton 29,28
audial crack,28
god,28
warm and mellow,28
female voices,28
relaxing,28
stoner doom metal,28
adam and the ants,28
http en wikipedia org wiki flevans,28
courtney taylor-taylor,28
mittelalter rock,28
tripop,28
fiddler,28
new-jazz,28
new rave,28
contra,28
the wolfmen,28
belo,28
marco pirroni,28
the dandy warhols,28
impuls,28
loop doctors,28
urban roots,28
the beatles,28
jesus,28
jacob portrait,28
sinead o connor,28
adam ant,28
bunt sind schon die wälder,28
bogus_artist_questionmark,27
jpop,27
tropical rock,27
purchase,27
cologne,27
gulf and western,27
rochester,27
marisa nadler,27
series-mozart-complete works-philips,27
otras canciones,27
side project,27
trailer music,27
fusion jazz,26
chenoa female singer spanish latin ot pop rock,26
british metal,26
soundscape,26
bedford,26
neu rave,26
soft ballad,26
minimalism,26
japanese composer,26
blasting grindcore,26
ukranian,25
diy,25
showman,25
mash-up,25
allemand,25
punjabi female singers,25
allemagne,25
betulio medina,25
soulwax,25
jazz manouche,25
bach,25
2006,25
my morning jacket,25
costume,25
sebastián yepes,25
industrial electro,25
a des annés d ici,25
hellectro,25
wagner,25
reverb,25
kings lynn,25
adam harrison,24
poptones,24
lain,24
dr doctor drsapo sapo spanish group pop rock,24
piers hewitt,24
union,24
veenendaal,24
nathan nicholson,24
code red,24
todd howe,24
percussionist,24
vbyjtiicc a6pamrvplxdepb02k-,24
sephardi,24
nintendocore,24
ngs-todo,24
brighton psychedelic,24
one-hit wonder,24
tech house,24
exits,24
sexy,24
reggae dubstep dancehall dub scotland glasgow,24
m2m,24
ethan johns,24
jamie lidell,24
nasheed,24
evacuate,24
ladino,24
meredith brooks,23
grenoble,23
malay,23
uruguay,23
shit,23
c64,23
synthrock,23
chiptunes,23
http en wikipedia org wiki utah_jazz_ producer,23
la lupita,23
producers,23
sid metal,23
sweet,23
sandy e junior,23
culebra,23
yé-yé,23
http en wikipedia org wiki jesca_hoop,23
disco-punk,23
1989,23
albany,22
sigur ros,22
electro french,22
splinter,22
lovethief,22
air,22
evanescence,22
kari bethke,22
beirut,22
radiohead,22
denmark danish dk,22
arrolladora,22
powerwolf,22
awesome,22
the knife,22
southend-on-sea,22
riot grrl,22
ea,22
peter denenberg,22
von weber,22
skeletons,22
andy perring,22
boards of canada,22
minneapolis,22
la arrolladora,22
limon,22
90,22
arcade fire,22
acme studios,22
sebastien tellier,22
juliana hatfield,22
moody,22
arrolladora limon,22
sufjan stevens,22
contemporary blues,22
tori amos,22
mamaroneck,22
banda el limon,22
punjabi bhangra,22
placebo,22
northwest,22
silversun pickups,22
animal collective,22
female fronted metal,21
disco house,21
high energy rock and roll,21
pop-dance,21
looks like a special purpose artist but is not,21
punk jazz,21
5 cent theatre,21
bolero,21
inditronica,21
kim falo,21
above,20
tex-mex,20
2mex,20
deeskee,20
xololanxinxo,20
bath,20
indiana,20
assholes,20
southern,20
bobby brakens,20
mind clouders,20
rock 88,20
of mexican descent,20
red one david forbes remix,20
idiots,20
rotterdam,20
grimm image,20
visionaries,20
up,20
busdriver,20
underground,20
root,19
the sound of everything,19
instrumentalist,19
bloomington,19
manolis zografakis,19
cpop,19
goettingen,19
http en wikipedia org wiki azaxx,19
dance punk,19
roy orbison,19
acid,19
sunburn in cyprus,19
warminster,19
austin,19
evesham,19
freestyle techno,18
berlin kreuzberg,18
melodeath,18
in flames,18
atp,18
sober,18
ਪੰਜਾਬੀ,18
art song,18
atp recordings,18
popstar alaturka,18
marina the diamonds,18
danzer,18
topnotch,18
kreuzberg,18
chicago house,18
naples,18
gothic progressive metal rock,18
soul central,18
notes from the underground,18
melodic,18
л федоров,18
all tomorrows parties,18
ਭੰਗੜਾ,18
joel edwards,17
ngs-artist credit,17
old school death metal,17
contemporary gospel,17
data records,17
oslo,17
keiko matsui,17
http en wikipedia org wiki milez_benjiman,17
destined records,17
fiorella mannoia,17
kim buran,17
unfall,17
thrashcore,17
french house,17
legend,17
designer graphique,17
graphic designer,17
sindelfingen,17
2009,17
north atlantic oscillation nao naoband grappling hooks cell count,17
matt schwartz,17
avant-garde death metal,17
deepest blue,17
lincoln,17
http musicbrainz org show tag tag fiorella 20mannoia show artist,17
campbell,16
saint petersburg,16
8-bit,16
secret machines,16
rap-metal,16
northampton,16
mexicanos,16
russia,16
queercore,16
natalia lafourcade,16
brass,16
durango,16
reykjavík,16
duranguense,16
adam gray,16
the headhunters,16
bollywood playback,16
leuven,16
psychill,16
horns,16
hindi,16
irish rebel traditional,16
d-beat,15
art taylor,15
fame factory,15
aussie hip-hop,15
mafioso rap,15
bosnia and herzegovina,14
obese,14
aussie hip hop,14
oakland,14
qi-western releases,14
hip-hop rock,14
macro,14
auckland,14
electro-hop,14
obese records,14
pegasus,14
shibuya-kei,14
la quinta estacion,14
avantgarde,14
pop-tronica,14
basiclux,14
shizuoka,14
oz hip hop,14
alt-rock,14
music,13
organic soundscapes,13
slide didgeridoo,13
borneo,13
record producer,13
hollywood,13
german pop,13
synth-pop,13
funeral doom,13
faroese,13
indidginus,13
slide didg,13
nic armstrong,13
fluke,13
companhia das índias,13
organica,13
black doom metal,13
remixer,13
garagerock,13
brithish,13
jbigga j bigga,13
orchestral conductor,13
kalamazoo,13
didgeridoo,13
progressive psytrance,13
elektro,13
andean folk,13
reggaetón,13
skweee,13
tsawwassen,13
high wycombe,13
durban,13
percussion,13
rheine,13
downbeat,13
noisy industrial,13
didg,13
je reviens,12
singaporean,12
goralskie,12
neoclassical,12
imogen heap,12
yolandita monge,12
anti-rock,12
polski,12
fuzz rock,12
goral,12
mass,12
political cabaret,12
stevenage,12
british singer,12
guy sigsworth,12
corridos,12
avant-prog,12
tom waits,12
epic,12
cinematic,12
wichita,12
kansas,12
narcocorridos,12
haifa,12
brixton,12
psicodelia,12
kid blue,12
http en wikipedia org wiki saravah_soul,12
metal fusion,12
progrock,11
bobby valentin,11
stoke-on-trent,11
no through road low transit industries,11
stuttgart,11
davenport,11
franc,11
staffordshire,11
livvi,11
livvi franc,11
ethereal,11
local band,11
bodensee,11
sillyname,11
tequilajazzz,11
konstanz,11
argentinia,11
greece,11
mellotron,10
shaila durcal,10
balady,10
fel sekka,10
genesis,10
taiwan,10
singer-songwriters,10
harmony,10
fo2sh,10
mohamed,10
star search,10
egyptian singer,10
se,10
accordion,10
evol,10
jerry lee lewis,10
king crimson,10
ben edeak,10
ghawy hob,10
hair metal,10
mohamed fouad,10
autoharp,10
hayran,10
fouad,10
masr,10
santa barbara,10
phideaux,10
egyptian,10
progressive death-grind,10
depro-punk,10
shareeny,10
on-u sound,10
nehlam,10
egypt,10
cantautore,10
chapel hill,10
marillion,10
fo2shawy,10
on-u,10
habiby ya,10
industrial dub,10
atlanta,10
orbital,10
artificial language,9
jpop eurobeat techpara,9
windsor,9
oxfordshire,9
argentine,9
hornchurch,9
electro funk,9
trt,9
jovem guarda,9
riihimaki,9
special purpose artist,9
death-doom metal,8
pop rock country rock,8
http en wikipedia org wiki the_broken_keys,8
ambient rock,8
toni,8
childs,8
melodic extreme metal,8
nordic metal,8
lutherstadt,8
middle class rut,8
gainesville,8
frog,8
cypress,8
marimba,7
solipsism craig murphy ambient idm techno electronica,7
dry blood,7
kiwi,7
freeform,7
parallels,7
copenhagen records,7
vibraphone,7
ultralight,7
bow,7
e3,7
acid trance,7
brutal,7
gomer pyle,7
holly dodson,7
aarhus,7
danmark,7
mb_artist_credit,7
cameron findlay,7
moje,6
avant-progressive rock,6
dragon ball,6
balkan,6
sud-africain,6
psychedleic rock,6
post-modern classicism,6
montenegro,6
original songs,6
tallahassee,6
ceo,6
classic rock heartland rock rock and roll,6
urban folk,6
lane,6
afrique du sud,6
croatia,6
indonesian,6
native american,6
maryland,6
ethnic,6
zagreb,6
baltimore,6
boyband,6
haverfordwest,6
dando lidia,5
kpop,5
anuna choral celtic irish ireland,5
hertford,5
ハロー プロジェクト,5
colorado,5
psychedelic electronica,5
boulder,5
variete,5
celtique,5
dreampop,5
valkyrend,5
free folk,5
electro house,4
leigh-on-sea,4
ambient dub,4
tech,4
tribal industrial,4
balearic,4
belfast,4
count basie oscar peterson,4
overtone,4
los enanitos verdes,4
tongeren,4
dark electro,4
medway,4
braunschweig,4
mexican house music,4
bad nauheim,4
virgin islands reggae,4
bournemouth,4
enanitos verdes,4
dub techno,4
chip,4
pedophile,3
rothwell,3
afrikaans rock,3
ingénieur de mastering,3
meta artist,3
indie dancerock,3
bern,3
hello project kids,3
montreal,3
mastering engineer,3
http en wikipedia org wiki freddie_cruger_a k a_red_astaire,3
ingénieur de matriçage,3
chatham,3
rap hip hop west coast,3
montréal,3
sprechgesang,3
iamx,3
black secret technology,3
k-pop,3
aleks syntek,3
28 gun bad boy,3
tru skool,3
tornio,3
newark,3
c-pop,3
relaxation,3
darkpsy,3
pomona,3
ray parker jr,3
dance music,3
blind musician,3
abstract hip-hop,2
gastrikland,2
dc,2
gogo,2
slovakian,2
experimental hip-hop,2
d c,2
mashup,2
fela,2
rob,2
trad goth,2
highlife,2
slam,2
hound dog taylor,2
dance on the cloud,2
drums,2
slam poetry,2
cambridge,2
i haunt wizards,2
ghana,2
drone metal,2
doom,2
hofors,2
country-tw,2
http en wikipedia org wiki spanky_wilson,2
europe,2
kenny bongos,2
afrofunk,2
tissera,2
bobby lee,2
whitehouse,2
charity,2
epping,2
kissdafunk,2
psy-chill,2
quake,2
hello project taiwan,2
brainpower,2
psy-trance,2
eurobeat,2
graz,2
go-go,2
broke blackout insomnia back 2 base x the diy guys hed p e,2
pete carr,2
mendez - lady,2
games,2
depressed subcore,2
kassel,1
matt deighton,1
tav falco,1
niagara falls,1
gävle,1
straight edge,1
crockett,1
harsh noise,1
southern illinois,1
kolbermoor,1
maltido,1
country gospel bluegrass,1
batteur,1
boise,1
photographer,1
molnár ferenc,1
serbian,1
macclesfield,1
tejana,1
robert davis,1
indie pop indiepop sweden swedish blowup,1
cybermusic,1
tropical salsa,1
malmö,1
gay,1
beat boxer,1
photographe,1
it is very important for the americans at musicbrainz to compile a fully comprehensive teedra moses discography,1
female-vocalist,1
rhythmic noise,1
portland metal,1
kevin haaland,1
warsaw,1
http en wikipedia org wiki natural_self,1
bassiste,1
underground rap,1
ron royce,1
kyoto,1
depressive black metal,1
david piribauer,1
der inquisitor,1
photography,1
bolton,1
j-rock,1
coroner,1
revis,1
orchestrator,1
story one,1
arlington,1
new music,1
sweet and wonderful,1
beat box,1
gospel music,1
carbondale,1
aus liebe,1
brad smith,1
zeuhl,1
bogus,1
bill averbach,1
i m a nut,1
tommy t baron,1
artist that someone should take care of,1
warszawa,1
copenhagen,1
labelasartist,1
raf hullavington,1
姚姓,1
west lafayette,1
fresno,1
sirrah,1
cause,1
jyväskylä,1
paramore,1
norberg,1
roots reggae,1
iowa city,1
annie,1
orchestrateur,1
marquis marky,1
justin holmann,1
hello project related,1
venezuelan,1
sts9,1
idaho,1
